day,month,year,timestamp
25,11,2023,2023-11-25 00:00
26,11,2023,2023-11-26 00:00
27,11,2023,2023-11-27 00:00
28,11,2023,2023-11-28 00:00
29,11,2023,2023-11-29 00:00
30,11,2023,2023-11-30 00:00
1,12,2023,2023-12-01 00:00
2,12,2023,2023-12-02 00:00
3,12,2023,2023-12-03 00:00
4,12,2023,2023-12-04 00:00
5,12,2023,2023-12-05 00:00
6,12,2023,2023-12-06 00:00
7,12,2023,2023-12-07 00:00
8,12,2023,2023-12-08 00:00
9,12,2023,2023-12-09 00:00
10,12,2023,2023-12-10 00:00
11,12,2023,2023-12-11 00:00
12,12,2023,2023-12-12 00:00
13,12,2023,2023-12-13 00:00
